{
	"info": {
		"_postman_id": "f1bfa806-31a4-45ff-8d6b-2ceb446eae2a",
		"name": "High Flyers GCP ESG AI",
		"schema": "https://schema.getpostman.com/json/collection/v2.0.0/collection.json",
		"_exporter_id": "33646851"
	},
	"item": [
		{
			"name": "Ping service",
			"request": {
				"method": "GET",
				"header": [
					{
						"key": "accept",
						"value": "application/json"
					}
				],
				"url": "https://flyers-spring-boot-app-dot-wellsfargo-genai24-8177.ue.r.appspot.com/api/esgreports/keepalive/ping"
			},
			"response": []
		},
		{
			"name": "Retrieve list all the uploaded ESG reports",
			"request": {
				"method": "POST",
				"header": [
					{
						"key": "accept",
						"value": "application/json"
					},
					{
						"key": "Content-Type",
						"value": "application/json"
					}
				],
				"body": {
					"mode": "raw",
					"raw": "{ \"reportYear\": \"2022\"}"
				},
				"url": "https://flyers-spring-boot-app-dot-wellsfargo-genai24-8177.ue.r.appspot.com/api/esgreports/retrieve"
			},
			"response": []
		},
		{
			"name": "Upload the ESG Reports",
			"request": {
				"method": "POST",
				"header": [
					{
						"key": "accept",
						"value": "application/json"
					}
				],
				"body": {
					"mode": "formdata",
					"formdata": [
						{
							"key": "DocumentURL",
							"value": "",
							"type": "text",
							"disabled": true
						},
						{
							"key": "documentName",
							"type": "file",
							"src": "/D:/Projects/Hackathon24/challenge-assets-main/challenge-assets-main/sustainability-survey-automation/training-data/2019-ballot-measures.pdf"
						},
						{
							"key": "YearOfReport",
							"value": "2019",
							"type": "text"
						}
					]
				},
				"url": "https://flyers-spring-boot-app-dot-wellsfargo-genai24-8177.ue.r.appspot.com/api/esgreports/upload"
			},
			"response": []
		},
		{
			"name": "Download the First Draft Report",
			"request": {
				"method": "GET",
				"header": [
					{
						"key": "accept",
						"value": "multipart/form-data"
					}
				],
				"url": {
					"raw": "https://flyers-spring-boot-app-dot-wellsfargo-genai24-8177.ue.r.appspot.com/api/firstdraftreport/download/result/:year",
					"protocol": "https",
					"host": [
						"flyers-spring-boot-app-dot-wellsfargo-genai24-8177",
						"ue",
						"r",
						"appspot",
						"com"
					],
					"path": [
						"api",
						"firstdraftreport",
						"download",
						"result",
						":year"
					],
					"variable": [
						{
							"key": "year",
							"value": "2024"
						}
					]
				}
			},
			"response": []
		},
		{
			"name": "Retrieve response for the specific question",
			"request": {
				"method": "POST",
				"header": [
					{
						"key": "accept",
						"value": "application/json"
					},
					{
						"key": "Content-Type",
						"value": "application/json"
					}
				],
				"body": {
					"mode": "raw",
					"raw": "{\r\n    \"inputQuestion\": \"How many Paycheck Protection Programme funded\",\r\n    \"reportYear\": \"2021\"\r\n}"
				},
				"url": "https://flyers-spring-boot-app-dot-wellsfargo-genai24-8177.ue.r.appspot.com/api/questionnaire/generatefirstdraft/generateAnswer"
			},
			"response": []
		},
		{
			"name": "Upload the Survey Questionnire",
			"request": {
				"method": "POST",
				"header": [
					{
						"key": "accept",
						"value": "application/json"
					}
				],
				"body": {
					"mode": "formdata",
					"formdata": [
						{
							"key": "metadata",
							"value": "{\n  \"generateReportforYear\": \"string\",\n  \"userId\": \"string\"\n}",
							"type": "text"
						},
						{
							"key": "document Type",
							"value": "PDF",
							"type": "text"
						},
						{
							"key": "SurveyQuestionnaireDocumentName",
							"type": "file",
							"src": "/D:/Projects/Hackathon24/challenge-assets-main/challenge-assets-main/sustainability-survey-automation/Survey-Questions/Survey-Questionnire-Part1.pdf"
						}
					]
				},
				"url": "https://flyers-spring-boot-app-dot-wellsfargo-genai24-8177.ue.r.appspot.com/api/questionnaire/generatefirstdraft/pdf"
			},
			"response": []
		},
		{
			"name": "Find status of the Survey Questionnire",
			"request": {
				"method": "GET",
				"header": [
					{
						"key": "accept",
						"value": "application/json"
					}
				],
				"url": {
					"raw": "https://flyers-spring-boot-app-dot-wellsfargo-genai24-8177.ue.r.appspot.com/api/questionnaire/generatefirstdraft/pdf/:reportYear/:TaskId /status",
					"protocol": "https",
					"host": [
						"flyers-spring-boot-app-dot-wellsfargo-genai24-8177",
						"ue",
						"r",
						"appspot",
						"com"
					],
					"path": [
						"api",
						"questionnaire",
						"generatefirstdraft",
						"pdf",
						":reportYear",
						":TaskId ",
						"status"
					],
					"variable": [
						{
							"key": "reportYear",
							"value": "2024"
						},
						{
							"key": "TaskId ",
							"value": "07e7ad4b-e54d-11ee-bd92-0242ac110005"
						}
					]
				}
			},
			"response": []
		}
	]
}